profile,entry,name,status,source,verification,integration
pops_660,0x16000,module_start,complete,src/bootstrap.c,host_contract,integrated
pops_660,0x16080,main_thread,partial,src/native/pops_boot.c,host_run_prefix,integrated
pops_660,0x24A08,patch_syscall_stubs,adapter,src/native/pops_boot.c,synthetic_imports,integrated
pops_660,0x1B2F0,disc_init,partial,src/native/pops_boot.c,host_run_prefix,integrated
pops_660,0x1B56C,open_disc_handle,partial,src/native/pops_boot.c,host_file_adapter,integrated
pops_660,0x36CF4,pbp_metadata,partial,src/native/pops_boot.c,icon_path_only,integrated
pops_660,0x39314,png_source_setup,partial,src/native/pops_image.c,metadata_path_only,integrated
pops_660,0x390A8,png_metadata,adapter,src/native/pops_image.c,native_libpng_not_PSP_ABI,integrated
pops_660,0x39034,png_read_callback,adapter,src/native/pops_image.c,native_libpng_not_PSP_ABI,integrated
pops_660,0x28790,store_icon_width_tag,complete,src/native/pops_image.c,host_run,integrated
pops_660,0x1B004,select_disc,partial,src/native/pops_boot.c,host_run_prefix,integrated
pops_660,0x287C4,get_selected_disc,complete,src/native/pops_boot.c,host_run,integrated
pops_660,0xDEFC,wait_pending_cd_io,partial,src/native/pops_boot.c,no_pending_IO_path_only,integrated
pops_660,0x28730,remember_provider_result,complete,src/native/pops_disc.c,host_contract,integrated
pops_660,0x1B61C,normalize_disc_id,partial,src/native/pops_disc.c,bounded_32_byte_field,integrated
pops_660,0x1AF90,check_disc_id,complete,src/native/pops_disc.c,host_contract,integrated
popsman_corpus_660,sceMeAudio:8D5A07D2,open_image,adapter,src/native/runtime.c,host_file_adapter,integrated
popsman_corpus_660,sceMeAudio:30BE34E4,read_at,adapter,src/native/runtime.c,host_file_adapter,integrated
popsman_corpus_660,sceMeAudio:14447BA0,extended_header,adapter,src/native/pops_disc.c,plain_single_disc_only,integrated
popsman_ark_660,0x3590,C93C56F8,complete,src/popsman_mailbox.c,bounded_binary_comparison,isolated
popsman_ark_660,0x35AC,0BABD960,complete,src/popsman_mailbox.c,bounded_binary_comparison,isolated
popsman_ark_660,0x3ACC,E7F06E2B,complete,src/popsman_mailbox.c,bounded_binary_comparison,isolated
popsman_ark_660,0x3490,DE630CD2_registration,complete,src/me_registration.c,binary_comparison_helper_boundary,isolated
popsman_ark_660,0x35D8,ME_startup,complete,src/me_startup.c,binary_comparison_scripted_devices,isolated
popsman_ark_660,0x3514,ME_control,complete,src/me_startup.c,binary_comparison_scripted_devices,isolated
pops_660,0x24770,per_game_configuration,partial,src/native/pops_config.c,normalized_ID_domain_synthetic_and_host_run,integrated
pops_660,0x1B6EC,configuration_postprocess,complete,src/native/pops_config.c,synthetic_contract_and_instruction_review,integrated
pops_660,0xADE8,bcd_to_sector,complete,src/native/pops_config.c,synthetic_contract_and_instruction_review,integrated
pops_660,0x3764C,savedata_metadata,partial,src/native/pops_metadata.c,no_savedata_list_path_host_run,integrated
pops_660,0x24CC8,optional_header_metadata,partial,src/native/pops_metadata.c,in_header_paths_absent_path_host_run,integrated
pops_660,0x24CA0,halfword_length,complete,src/native/pops_metadata.c,instruction_review_not_yet_runtime_exercised,integrated
pops_660,0x1C590,optional_auxiliary_data,partial,src/native/pops_metadata.c,absent_payload_path_host_run,integrated
pops_660,0x28DF8,startup_UI_orchestration,pending,,none,not_integrated
pops_660,0x1A950,memory_card_worker_init,adapter,src/native/pops_reset.c,host_queue_worker_not_executed,diagnostic_only
pops_660,0x1A57C,controller_state_init,complete,src/native/pops_reset.c,instruction_review_headless_host_run,diagnostic_only
pops_660,0x24C78,initialization_step,partial,src/native/pops_reset.c,diagnostic_reset_prefix,diagnostic_only
pops_660,0x1C964,state_query,pending,,none,not_integrated
pops_660,0x1BF30,conditional_state_load,pending,,none,not_integrated
pops_660,0x1A908,pre_core_step,pending,,none,not_integrated
pops_660,0x1A00,core_dispatch_entry,pending,,none,not_integrated
pops_660,0x0,ME_sample_callback,pending,,none,not_integrated
popsman_corpus_660,0x2F88,ME_sample_and_ack_loop,partial,src/native/me_worker.c,scripted_bus_and_bounded_drain_comparison,isolated
pops_660,0x1A314,reciprocal_table_init,complete,src/native/pops_reset.c,instruction_review_host_run,diagnostic_only
pops_660,0x24B58,reset_devices,partial,src/native/pops_reset.c,diagnostic_reset_prefix,diagnostic_only
pops_660,0x30B84,set_run_mode,adapter,src/native/pops_reset.c,host_ME_control_and_headless_clock,diagnostic_only
pops_660,0x25190,update_ME_control,complete,src/native/pops_reset.c,no_registered_callback_host_run,diagnostic_only
pops_660,0x1C55C,vector_reset_constants,adapter,src/native/pops_reset.c,Allegrex_listing_to_host_vector_state,diagnostic_only
pops_660,0x1A2A4,cpu_reset_state,complete,src/native/pops_reset.c,instruction_review_host_run,diagnostic_only
pops_660,0x1A050,install_io_handler_entries,partial,src/native/pops_reset.c,observed_length_domain_data_only,diagnostic_only
pops_660,0x1A0A8,io_map_reset,complete,src/native/pops_reset.c,instruction_review_host_run,diagnostic_only
pops_660,0x1A134,dma_reset,complete,src/native/pops_reset.c,instruction_review_host_run,diagnostic_only
pops_660,0x1A1F0,install_dma_channel,partial,src/native/pops_reset.c,observed_channels_data_only,diagnostic_only
pops_660,0x1B678,mdec_reset_entries,complete,src/native/pops_reset.c,host_table_initialization_not_decoder,diagnostic_only
pops_660,0x1A2E0,interrupt_handler_entries,complete,src/native/pops_reset.c,host_table_initialization_not_IRQ_delivery,diagnostic_only
pops_660,0x1AF38,disc_state_reset,complete,src/native/pops_reset.c,instruction_review_preserved_388D,diagnostic_only
