address,name
0x00016000,module_start
0x0003CF9C,sceKernelRegisterSubIntrHandler
0x0003CFA4,sceKernelReleaseSubIntrHandler
0x0003CFAC,sceKernelEnableSubIntr
0x0003CFB4,sceIoMkdir
0x0003CFBC,sceIoWrite
0x0003CFC4,sceIoDevctl
0x0003CFCC,sceIoIoctl
0x0003CFD4,sceIoRead
0x0003CFDC,sceIoClose
0x0003CFE4,sceIoGetstat
0x0003CFEC,sceIoDopen
0x0003CFF4,sceIoDread
0x0003CFFC,sceIoDclose
0x0003D004,sceIoRemove
0x0003D00C,sceIoOpen
0x0003D014,sceIoRmdir
0x0003D01C,sceIoLseek
0x0003D024,Kernel_Library_A089ECA4
0x0003D02C,Kernel_Library_1839852A
0x0003D034,sceKernelExitGame
0x0003D03C,sceKernelPrintf
0x0003D044,sceKernelSetCompilerVersion
0x0003D04C,SysMemUserForUser_358CA1BB
0x0003D054,sceKernelDelayThread
0x0003D05C,sceKernelCreateSema
0x0003D064,sceKernelSetEventFlag
0x0003D06C,sceKernelCreateCallback
0x0003D074,sceKernelStartThread
0x0003D07C,sceKernelWaitEventFlagCB
0x0003D084,sceKernelGetSystemTimeLow
0x0003D08C,sceKernelSignalSema
0x0003D094,sceKernelCreateThread
0x0003D09C,sceKernelWaitSema
0x0003D0A4,sceKernelCreateEventFlag
0x0003D0AC,sceKernelSetAlarm
0x0003D0B4,sceKernelDelayThreadCB
0x0003D0BC,sceKernelChangeThreadPriority
0x0003D0C4,sceKernelCancelAlarm
0x0003D0CC,sceKernelDcacheWritebackAll
0x0003D0D4,sceKernelDcacheWritebackInvalidateAll
0x0003D0DC,sceKernelDcacheInvalidateRange
0x0003D0E4,sceKernelDcacheWritebackInvalidateRange
0x0003D0EC,sceKernelDcacheWritebackRange
0x0003D0F4,pspvmc_0820B291
0x0003D0FC,pspvmc_38A87A12
0x0003D104,sceCtrlSetSamplingMode
0x0003D10C,sceCtrlPeekBufferPositive
0x0003D114,sceCtrlSetSamplingCycle
0x0003D11C,sceCtrlSetIdleCancelThreshold
0x0003D124,sceCtrlPeekBufferNegative
0x0003D12C,sceDisplaySetFrameBuf
0x0003D134,sceDisplayWaitVblankStartCB
0x0003D13C,sceDisplaySetHoldMode
0x0003D144,sceDisplayWaitVblankStart
0x0003D14C,sceDisplayGetVcount
0x0003D154,sceDmacMemcpy
0x0003D15C,sceGeListSync
0x0003D164,sceGeRestoreContext
0x0003D16C,sceGeEdramGetSize
0x0003D174,sceGeSaveContext
0x0003D17C,sceGeListEnQueue
0x0003D184,sceGeDrawSync
0x0003D18C,sceGeEdramSetAddrTranslation
0x0003D194,sceGeListUpdateStallAddr
0x0003D19C,sceImposeGetLanguageMode
0x0003D1A4,sceImpose_9BA61B49
0x0003D1AC,sceFontNewLib
0x0003D1B4,sceFontDoneLib
0x0003D1BC,sceFontFindOptimumFont
0x0003D1C4,sceFontOpen
0x0003D1CC,sceLibFont_HV_E4606649
0x0003D1D4,sceFontClose
0x0003D1DC,sceFontGetFontInfo
0x0003D1E4,sceFontGetCharInfo
0x0003D1EC,sceFontGetCharGlyphImage
0x0003D1F4,sceFontGetShadowInfo
0x0003D1FC,sceFontGetShadowGlyphImage
0x0003D204,sceMeAudio_0BABD960
0x0003D20C,sceMeAudio_0FA28FE6
0x0003D214,sceMeAudio_14447BA0
0x0003D21C,sceMeAudio_1A23C094
0x0003D224,sceMeAudio_2AB4FE43
0x0003D22C,sceMeAudio_2AC64C3F
0x0003D234,sceMeAudio_30BE34E4
0x0003D23C,sceMeAudio_3771229C
0x0003D244,sceMeAudio_42F0EA37
0x0003D24C,sceMeAudio_4F5B6D82
0x0003D254,sceMeAudio_528266FA
0x0003D25C,sceMeAudio_54F2AE52
0x0003D264,sceMeAudio_68C55F4C
0x0003D26C,sceMeAudio_69C4BCCB
0x0003D274,sceMeAudio_7014C540
0x0003D27C,sceMeAudio_805D1205
0x0003D284,sceMeAudio_83378E12
0x0003D28C,sceMeAudio_8A8DFE17
0x0003D294,sceMeAudio_8D5A07D2
0x0003D29C,sceMeAudio_9B4AAF7D
0x0003D2A4,sceMeAudio_A6EDDF16
0x0003D2AC,sceMeAudio_AE5AC375
0x0003D2B4,sceMeAudio_BD5F7689
0x0003D2BC,sceMeAudio_C93C56F8
0x0003D2C4,sceMeAudio_D4F17F54
0x0003D2CC,sceMeAudio_DE630CD2
0x0003D2D4,sceMeAudio_E7F06E2B
0x0003D2DC,sceMeAudio_E907AE69
0x0003D2E4,sceMeAudio_F6637A72
0x0003D2EC,sceOpenPSIDGetOpenPSID
0x0003D2F4,scePaf_003B3F87
0x0003D2FC,scePaf_0C2CD696
0x0003D304,scePaf_0FCDFA1E
0x0003D30C,scePaf_1F02DD65
0x0003D314,scePaf_20BEF384
0x0003D31C,scePaf_22420CC7
0x0003D324,scePaf_3C4BC2CD
0x0003D32C,scePaf_3E564415
0x0003D334,scePaf_43759F51
0x0003D33C,scePaf_4E43A742
0x0003D344,scePaf_5A12583F
0x0003D34C,scePaf_65169E51
0x0003D354,scePaf_66CCA794
0x0003D35C,scePaf_6D55F3F5
0x0003D364,scePaf_706ABBFF
0x0003D36C,scePaf_71B92320
0x0003D374,scePaf_7B7133D5
0x0003D37C,scePaf_8166CA82
0x0003D384,scePaf_8C5CC663
0x0003D38C,scePaf_8E805192
0x0003D394,scePaf_9A418CCC
0x0003D39C,scePaf_9CD6C5F4
0x0003D3A4,scePaf_9D854500
0x0003D3AC,scePaf_A138A376
0x0003D3B4,scePaf_A631AC8B
0x0003D3BC,scePaf_B05D9677
0x0003D3C4,scePaf_B110AF46
0x0003D3CC,scePaf_B4652CFE
0x0003D3D4,scePaf_BB89C9EA
0x0003D3DC,scePaf_D229572C
0x0003D3E4,scePaf_D7DCB972
0x0003D3EC,scePaf_D9E2D6E1
0x0003D3F4,scePaf_E0B32AE8
0x0003D3FC,scePaf_E49835DC
0x0003D404,scePaf_FF9C876B
0x0003D40C,scePopsManExitVSHKernel
0x0003D414,scePowerRegisterCallback
0x0003D41C,scePower_469989AD
0x0003D424,scePowerIsSuspendRequired
0x0003D42C,sceRtcGetDayOfWeek
0x0003D434,sceRtcGetCurrentClockLocalTime
0x0003D43C,sceUtilitySavedataInitStart
0x0003D444,sceUtilitySavedataGetStatus
0x0003D44C,sceUtilitySavedataShutdownStart
0x0003D454,sceUtilitySavedataUpdate
0x0003D45C,sceUtility_private_59EB3A17
0x0003D464,sceVshCommonUtil_649C3568
0x0003D46C,sceVshCommonUtil_91838DED
0x0003D474,sceVshCommonUtil_91B254B2
0x0003D47C,sceVshCommonUtil_937E715D
0x0003D484,sceVshCommonUtil_D3A016E1
0x0003D48C,sceVshCommonUtil_F9E12DAA
